[
    {
      "correo": "juan@gmail.com",
      "contenido": "Hola :)",
      "fecha": "19/08/2024",
      "hora": "10:00",
      "comentarios": [
        {
          "correo": "jose@gmail.com",
          "comentario": "Buen dia",
          "fecha": "19/08/2024",
          "hora": "10:00"
        },
        {
          "correo": "maria@gmail.com",
          "comentario": "Como estas",
          "fecha": "19/08/2024",
          "hora": "15:30"
        }
      ]
    },
    {
      "correo": "pedro@gmail.com",
      "contenido": "Tengo hambre",
      "fecha": "9/07/2024",
      "hora": "19:00",
      "comentarios": []
    }
]