[
  {
      "correo": "1carlos@G",
      "contenido": "Disfrutando de un día soleado en la playa, la vida es mejor con arena y mar.",
      "fecha": "12/08/2024",
      "hora": "14:23",
      "comentarios": [
          {
              "correo": "2maria@L",
              "comentario": "¡Qué envidia! Me encantaría estar en la playa ahora mismo.",
              "fecha": "13/08/2024",
              "hora": "09:30"
          },
          {
            "correo": "3juan@M",
            "comentario": "Totalmente de acuerdo, los atardeceres son la mejor parte del día.",
            "fecha": "14/08/2024",
            "hora": "08:00"
        },
        {
            "correo": "9miguel@R",
            "comentario": "¡Gracias!",
            "fecha": "20/08/2024",
            "hora": "09:20"
        }
      ]
  },
  {
      "correo": "2maria@L",
      "contenido": "Hoy aprendí algo nuevo, siempre es bueno salir de la zona de confort.",
      "fecha": "11/08/2024",
      "hora": "09:45",
      "comentarios": []
  },
  {
      "correo": "3juan@M",
      "contenido": "El café de la mañana nunca decepciona, ¡energía pura para el día!",
      "fecha": "10/08/2024",
      "hora": "07:30",
      "comentarios": []
  },
  {
      "correo": "4ana@H",
      "contenido": "Los atardeceres en la ciudad son simplemente mágicos, me encanta.",
      "fecha": "13/08/2024",
      "hora": "18:12",
      "comentarios": [
          {
              "correo": "3juan@M",
              "comentario": "Totalmente de acuerdo, los atardeceres son la mejor parte del día.",
              "fecha": "14/08/2024",
              "hora": "08:00"
          }
      ]
  },
  {
      "correo": "5luis@P",
      "contenido": "Día perfecto para una caminata por el parque, disfrutando de la naturaleza.",
      "fecha": "15/08/2024",
      "hora": "10:57",
      "comentarios": [
          {
              "correo": "6laura@R",
              "comentario": "¡Qué bien! La naturaleza siempre es revitalizante.",
              "fecha": "16/08/2024",
              "hora": "11:30"
          }
      ]
  },
  {
      "correo": "6laura@R",
      "contenido": "La lectura de un buen libro puede cambiar tu perspectiva del mundo.",
      "fecha": "20/08/2024",
      "hora": "16:45",
      "comentarios": []
  },
  {
      "correo": "7jose@G",
      "contenido": "Esos pequeños momentos de felicidad son los que más cuentan.",
      "fecha": "14/08/2024",
      "hora": "13:20",
      "comentarios": []
  },
  {
      "correo": "8elena@T",
      "contenido": "Cocinando mi plato favorito, nada como la comida casera.",
      "fecha": "21/08/2024",
      "hora": "11:40",
      "comentarios": []
  },
  {
      "correo": "9miguel@R",
      "contenido": "Una nueva aventura comienza, emocionado por lo que viene.",
      "fecha": "19/08/2024",
      "hora": "08:50",
      "comentarios": [
          {
              "correo": "10sofia@G",
              "comentario": "¡Suerte en tu aventura! Espero que sea increíble.",
              "fecha": "20/08/2024",
              "hora": "09:15"
          },
          {
            "correo": "9miguel@R",
            "comentario": "¡Gracias!",
            "fecha": "20/08/2024",
            "hora": "09:20"
        }
      ]
  },
  {
      "correo": "10sofia@G",
      "contenido": "La música siempre encuentra la manera de alegrar mi día.",
      "fecha": "18/08/2024",
      "hora": "17:15",
      "comentarios": []
  }
]
