[
  {
      "emisor": "1carlos@G",
      "receptor": "2maria@L",
      "estado": "ACEPTADA"
  },
  {
      "emisor": "3juan@M",
      "receptor": "4ana@H",
      "estado": "PENDIENTE"
  },
  {
      "emisor": "5luis@P",
      "receptor": "6laura@R",
      "estado": "ACEPTADA"
  },
  {
      "emisor": "7jose@G",
      "receptor": "8elena@T",
      "estado": "PENDIENTE"
  },

  {
    "emisor": "9miguel@R",
    "receptor": "10sofia@G",
    "estado": "ACEPTADA"
},
  {
      "emisor": "2maria@L",
      "receptor": "1carlos@G",
      "estado": "PENDIENTE"
  },
  {
      "emisor": "4ana@H",
      "receptor": "3juan@M",
      "estado": "ACEPTADA"
  },
  {
      "emisor": "8elena@T",
      "receptor": "5luis@P",
      "estado": "PENDIENTE"
  },
  {
    "emisor": "9miguel@R",
    "receptor": "10sofia@G",
    "estado": "ACEPTADA"
}
]
